,name,appearances,assist,assistCorner,assistCross,assistFreekick,assistOther,assistThroughball,assistThrowin,challengeLost,clearanceTotal,dispossessed,dribbleLost,dribbleTotal,dribbleWon,duelAerialLost,duelAerialTotal,duelAerialWon,foulCommitted,foulGiven,goalObox,goalPenaltyArea,goalSixYardBox,goalTotal,interceptionAll,keyPassLong,keyPassShort,keyPassesTotal,mins,offsideGiven,outfielderBlock,outfielderBlockedPass,passCrossBlockedDefensive,passLongBallAccurate,passLongBallInaccurate,passTotal,rating,redCard,saveObox,savePenaltyArea,saveSixYardBox,saveTotal,shortPassAccurate,shortPassInaccurate,shotOboxTotal,shotPenaltyArea,shotSixYardBox,shotsTotal,tackleTotalAttempted,tackleWonTotal,team,turnover,yellowCard,dribblePercentage,duelAerialPercentage,passLongBallPercentage,shortPassPercentage,tacklePercentage,assist_percentile,assistCross_percentile,assistThroughball_percentile,clearanceTotal_percentile,dispossessed_percentile,dribbleLost_percentile,dribbleWon_percentile,duelAerialLost_percentile,duelAerialWon_percentile,foulCommitted_percentile,foulGiven_percentile,goalObox_percentile,goalPenaltyArea_percentile,goalSixYardBox_percentile,interceptionAll_percentile,keyPassLong_percentile,keyPassShort_percentile,offsideGiven_percentile,outfielderBlock_percentile,outfielderBlockedPass_percentile,passCrossBlockedDefensive_percentile,passLongBallAccurate_percentile,passLongBallInaccurate_percentile,redCard_percentile,shortPassAccurate_percentile,shortPassInaccurate_percentile,shotOboxTotal_percentile,shotSixYardBox_percentile,shotsTotal_percentile,tackleWonTotal_percentile,turnover_percentile,yellowCard_percentile,dribblePercentage_percentile,duelAerialPercentage_percentile,passLongBallPercentage_percentile,shortPassPercentage_percentile,tacklePercentage_percentile,age,final_rating,top_percentile_average
0,Víctor Cabrera ,12,0.0,0,0.0,0,0.0,0.0,0,1.8,4.3,0.2,0.2,0.9,0.8,2.3,5.0,2.7,0.9,0.7,0,0.0,0.0,0.0,2.7,0.1,0.3,0.4,1073,0.0,0.4,0.3,0.0,5.9,4.2,61.5,6.94,0.0,0,0,0,0,47.1,4.4,0.2,0.4,0.0,0.6,5.1,3.4,"Montreal Impact, ",0.8,0.2,0.8888888890000001,0.54,0.5841584160000001,0.914563107,0.666666667,0.012,0.012,0.012,0.6459999999999999,0.46299999999999997,0.915,0.976,0.963,0.6829999999999999,0.5489999999999999,0.7440000000000001,0.012,0.012,0.012,0.988,0.7440000000000001,0.78,0.012,0.11,0.305,0.012,0.9390000000000001,0.6829999999999999,0.988,0.8290000000000001,0.6459999999999999,0.866,0.012,0.573,0.988,0.037000000000000005,0.5,0.573,0.293,0.866,0.634,0.268,26,76.829,0.568
1,Erik Godoy ,26,0.0,0,0.0,0,0.0,0.0,0,0.3,4.3,0.1,0.1,0.3,0.2,1.2,2.7,1.4,1.1,0.3,0,0.0,0.0,0.0,1.2,0.1,0.1,0.2,2340,0.0,1.2,0.3,0.0,4.4,5.2,47.1,6.59,0.0,0,0,0,0,34.0,3.5,0.1,0.3,0.0,0.4,1.8,1.5,"Vancouver Whitecaps, ",0.3,0.2,0.666666667,0.518518519,0.45833333299999995,0.906666667,0.833333333,0.012,0.012,0.012,0.6459999999999999,0.768,0.5489999999999999,0.402,0.256,0.146,0.341,0.171,0.012,0.012,0.012,0.37799999999999995,0.7440000000000001,0.183,0.012,0.915,0.305,0.012,0.7929999999999999,0.866,0.988,0.39,0.341,0.732,0.012,0.341,0.634,0.8540000000000001,0.5,0.293,0.207,0.341,0.537,0.841,26,58.537,0.532
2,Leandro González Pirez ,26,0.0,0,0.0,0,0.0,0.0,0,0.8,2.5,0.6,0.3,1.2,1.0,1.3,3.6,2.3,1.6,1.7,0,0.0,0.0,0.0,1.8,0.1,0.2,0.4,2251,0.0,0.5,0.6,0.1,7.0,5.3,66.4,6.98,0.0,0,0,0,0,48.9,5.2,0.2,0.5,0.0,0.7,3.2,2.4,"Atlanta United, ",0.7,0.4,0.833333333,0.638888889,0.569105691,0.903881701,0.75,0.012,0.012,0.012,0.024,0.012,0.976,0.988,0.37799999999999995,0.573,0.073,1.0,0.012,0.012,0.012,0.805,0.7440000000000001,0.46299999999999997,0.012,0.244,0.7070000000000001,0.39,0.976,0.89,0.988,0.902,0.915,0.866,0.012,0.6709999999999999,0.951,0.073,0.9390000000000001,0.512,0.6709999999999999,0.7929999999999999,0.488,0.512,27,70.732,0.556
3,Gastón Sauro ,15,0.0,0,0.0,0,0.0,0.0,0,0.2,2.7,0.1,0.1,0.1,0.1,1.1,3.9,2.7,1.1,0.3,0,0.0,0.1,0.1,1.8,0.0,0.3,0.3,1285,0.0,0.4,0.6,0.0,2.4,2.5,45.9,6.67,0.0,0,0,0,0,38.2,2.9,0.0,0.4,0.4,0.8,1.9,1.7,"Columbus Crew, ",0.4,0.3,1.0,0.692307692,0.489795918,0.929440389,0.894736842,0.012,0.012,0.012,0.061,0.768,0.5489999999999999,0.195,0.195,0.6829999999999999,0.341,0.171,0.012,0.012,0.9390000000000001,0.805,0.012,0.78,0.012,0.11,0.7070000000000001,0.012,0.171,0.195,0.988,0.585,0.171,0.012,1.0,0.805,0.732,0.598,0.768,0.585,0.841,0.439,0.8170000000000001,0.951,29,89.024,0.611
4,Laurent Ciman ,13,0.0,0,0.0,0,0.0,0.0,0,1.3,3.6,0.1,0.0,0.4,0.4,1.2,2.7,1.5,0.9,0.1,0,0.0,0.0,0.0,1.3,0.0,0.1,0.1,1114,0.1,0.6,0.2,0.3,7.1,3.6,56.1,6.61,0.0,0,0,0,0,42.5,2.9,0.4,0.4,0.0,0.8,2.6,1.3,"Toronto FC, ",0.2,0.2,1.0,0.5555555560000001,0.6635514020000001,0.936123348,0.5,0.012,0.012,0.012,0.244,0.768,0.012,0.7929999999999999,0.256,0.183,0.5489999999999999,0.037000000000000005,0.012,0.012,0.012,0.488,0.012,0.183,0.78,0.354,0.134,0.902,0.988,0.5,0.988,0.6709999999999999,0.171,0.963,0.012,0.805,0.488,0.927,0.5,0.585,0.366,0.951,0.915,0.024,34,73.171,0.558
5,Bressan ,6,0.0,0,0.0,0,0.0,0.0,0,1.2,3.3,0.4,0.0,0.2,0.2,1.6,3.5,1.9,1.9,0.5,0,0.0,0.0,0.0,3.2,0.0,0.2,0.2,511,0.0,0.7,0.5,0.0,6.3,3.7,58.3,6.85,0.0,0,0,0,0,43.5,4.8,0.0,0.5,0.0,0.5,4.9,3.7,"FC Dallas, ",0.5,0.2,1.0,0.542857143,0.63,0.900621118,0.7551020409999999,0.012,0.012,0.012,0.171,0.049,0.012,0.402,0.598,0.354,0.012,0.537,0.012,0.012,0.012,1.0,0.012,0.46299999999999997,0.012,0.46299999999999997,0.573,0.012,0.951,0.537,0.988,0.72,0.805,0.012,0.012,0.451,1.0,0.244,0.5,0.585,0.317,0.902,0.439,0.598,26,63.415,0.544
6,Marcelo Silva ,12,0.0,0,0.0,0,0.0,0.0,0,0.6,3.9,0.0,0.0,0.1,0.1,1.2,4.4,3.2,1.2,0.7,0,0.1,0.0,0.1,1.4,0.0,0.3,0.3,1054,0.0,0.7,0.9,0.3,1.5,3.2,39.5,6.58,0.1,0,0,0,0,31.1,3.8,0.0,0.4,0.1,0.5,1.6,1.0,"Real Salt Lake, ",0.3,0.1,1.0,0.727272727,0.319148936,0.891117479,0.625,0.012,0.012,0.012,0.39,0.988,0.012,0.195,0.256,0.878,0.207,0.7440000000000001,0.012,0.8540000000000001,0.012,0.537,0.012,0.78,0.012,0.46299999999999997,0.988,0.902,0.037000000000000005,0.402,0.061,0.28,0.47600000000000003,0.012,0.537,0.451,0.268,0.8540000000000001,0.134,0.585,0.9390000000000001,0.073,0.32899999999999996,0.11,30,41.463,0.497
7,Marcelo ,11,0.0,0,0.0,0,0.0,0.0,0,1.0,3.8,0.2,0.0,0.0,0.0,1.6,4.3,2.6,1.3,0.5,0,0.0,0.0,0.0,1.5,0.0,0.0,0.0,990,0.0,0.5,0.3,0.0,3.8,5.1,45.7,6.53,0.0,0,0,0,0,32.2,4.6,0.0,0.4,0.1,0.5,3.3,2.3,"Chicago Fire, ",0.5,0.1,0.0,0.604651163,0.426966292,0.875,0.696969697,0.012,0.012,0.012,0.341,0.46299999999999997,0.012,0.012,0.598,0.6459999999999999,0.171,0.537,0.012,0.012,0.012,0.622,0.012,0.012,0.012,0.244,0.305,0.012,0.61,0.8540000000000001,0.988,0.341,0.7070000000000001,0.012,0.537,0.451,0.927,0.244,0.134,0.012,0.512,0.23199999999999998,0.146,0.341,30,12.195,0.415
8,Doneil Henry ,20,0.0,0,0.0,0,0.0,0.0,0,0.4,5.2,0.2,0.0,0.2,0.2,1.6,3.4,1.8,0.4,0.5,0,0.2,0.0,0.2,2.2,0.0,0.1,0.1,1708,0.0,1.3,0.4,0.1,2.5,4.0,37.9,6.72,0.0,0,0,0,0,28.5,2.9,0.0,0.5,0.1,0.5,1.6,1.2,"Vancouver Whitecaps, ",0.6,0.2,1.0,0.529411765,0.384615385,0.907643312,0.75,0.012,0.012,0.012,0.89,0.46299999999999997,0.012,0.402,0.598,0.317,0.951,0.537,0.012,0.951,0.012,0.963,0.012,0.183,0.012,0.9390000000000001,0.512,0.39,0.22,0.6459999999999999,0.988,0.183,0.171,0.012,0.537,0.451,0.402,0.098,0.5,0.585,0.256,0.171,0.598,0.512,26,31.707,0.47
9,Eddie Segura ,27,0.0,0,0.0,0,0.0,0.0,0,0.6,3.4,0.2,0.0,0.1,0.1,1.2,2.9,1.7,0.8,0.3,0,0.0,0.0,0.0,1.1,0.0,0.1,0.1,2414,0.0,0.4,0.6,0.2,2.4,2.7,58.0,6.81,0.0,0,0,0,0,49.0,3.8,0.0,0.4,0.1,0.4,2.6,2.1,"Los Angeles FC, ",0.4,0.0,1.0,0.5862068970000001,0.470588235,0.928030303,0.807692308,0.012,0.012,0.012,0.207,0.46299999999999997,0.012,0.195,0.256,0.256,0.6709999999999999,0.171,0.012,0.012,0.012,0.293,0.012,0.183,0.012,0.11,0.7070000000000001,0.768,0.171,0.293,0.988,0.915,0.47600000000000003,0.012,0.537,0.341,0.878,0.598,0.012,0.585,0.439,0.39,0.7929999999999999,0.805,22,60.976,0.535
10,Chris Mavinga ,19,0.1,0,0.0,0,0.1,0.0,0,0.4,3.9,0.1,0.2,0.6,0.4,1.4,3.4,2.0,0.9,0.8,0,0.0,0.0,0.0,1.1,0.1,0.3,0.4,1639,0.0,0.3,0.5,0.2,3.1,2.3,53.0,6.69,0.0,0,0,0,0,44.5,3.1,0.1,0.2,0.0,0.3,1.9,1.5,"Toronto FC, ",0.5,0.2,0.666666667,0.588235294,0.574074074,0.93487395,0.7894736840000001,0.8540000000000001,0.012,0.012,0.39,0.768,0.915,0.7929999999999999,0.46299999999999997,0.402,0.5489999999999999,0.805,0.012,0.012,0.012,0.293,0.7440000000000001,0.78,0.012,0.037000000000000005,0.573,0.768,0.439,0.146,0.988,0.7440000000000001,0.256,0.732,0.012,0.195,0.634,0.244,0.5,0.293,0.451,0.841,0.902,0.732,28,63.415,0.544
11,Larrys Mabiala ,19,0.0,0,0.0,0,0.0,0.0,0,0.2,4.6,0.1,0.0,0.1,0.1,1.5,4.1,2.6,1.7,0.2,0,0.1,0.0,0.1,1.2,0.0,0.1,0.1,1635,0.0,0.4,0.4,0.1,2.5,2.3,41.5,6.6,0.1,0,0,0,0,32.3,4.5,0.0,0.9,0.1,0.9,1.0,0.8,"Portland Timbers, ",0.4,0.2,1.0,0.634146341,0.520833333,0.8777173909999999,0.8,0.012,0.012,0.012,0.768,0.768,0.012,0.195,0.537,0.6459999999999999,0.037000000000000005,0.073,0.012,0.8540000000000001,0.012,0.37799999999999995,0.012,0.183,0.012,0.11,0.512,0.39,0.22,0.146,0.061,0.354,0.6829999999999999,0.012,0.537,0.89,0.134,0.598,0.5,0.585,0.622,0.585,0.171,0.768,31,13.415,0.422
12,Julio Cascante ,16,0.1,0,0.0,0,0.1,0.0,0,0.5,4.4,0.1,0.1,0.4,0.3,1.4,3.4,2.0,1.6,0.2,0,0.0,0.0,0.0,1.1,0.1,0.1,0.2,1367,0.0,0.9,0.5,0.2,2.6,2.5,39.5,6.5,0.1,0,0,0,0,31.7,2.7,0.0,0.7,0.0,0.7,1.4,0.9,"Portland Timbers, ",0.3,0.3,0.75,0.588235294,0.509803922,0.921511628,0.642857143,0.8540000000000001,0.012,0.012,0.7070000000000001,0.768,0.5489999999999999,0.61,0.46299999999999997,0.402,0.073,0.073,0.012,0.012,0.012,0.293,0.7440000000000001,0.183,0.012,0.6829999999999999,0.573,0.768,0.256,0.195,0.061,0.317,0.11,0.012,0.012,0.6709999999999999,0.22,0.8540000000000001,0.768,0.39,0.451,0.512,0.7070000000000001,0.171,25,20.732,0.449
13,Francisco Calvo ,16,0.1,0,0.0,0,0.0,0.1,0,0.9,2.9,0.5,0.6,1.6,1.1,1.0,2.1,1.1,0.9,0.4,0,0.2,0.0,0.2,2.0,0.1,0.6,0.6,1440,0.1,0.6,0.2,0.1,5.0,6.8,58.4,7.13,0.0,0,0,0,0,41.5,5.1,0.4,0.6,0.3,1.3,2.9,2.0,"Chicago Fire, ",0.4,0.1,0.6875,0.523809524,0.423728814,0.89055794,0.689655172,0.8540000000000001,0.012,1.0,0.098,0.024,1.0,1.0,0.11,0.061,0.5489999999999999,0.39,0.012,0.951,0.012,0.915,0.7440000000000001,0.988,0.78,0.354,0.134,0.39,0.866,0.988,0.988,0.634,0.902,0.963,0.9390000000000001,0.988,0.841,0.598,0.134,0.366,0.22,0.22,0.305,0.317,27,14.634,0.431
14,Kendall Waston ,22,0.0,0,0.0,0,0.0,0.0,0,0.4,4.5,0.2,0.0,0.2,0.2,1.1,4.6,3.5,1.3,0.6,0,0.0,0.0,0.0,1.8,0.0,0.1,0.1,1980,0.0,0.8,0.1,0.0,4.3,5.5,51.1,6.62,0.0,0,0,0,0,35.6,5.6,0.0,0.7,0.0,0.8,1.8,1.4,"FC Cincinnati, ",0.5,0.3,1.0,0.760869565,0.43877551,0.86407767,0.7777777779999999,0.012,0.012,0.012,0.7440000000000001,0.46299999999999997,0.012,0.402,0.195,0.89,0.171,0.695,0.012,0.012,0.012,0.805,0.012,0.183,0.012,0.561,0.073,0.012,0.7559999999999999,0.927,0.988,0.46299999999999997,0.951,0.012,0.012,0.805,0.5489999999999999,0.244,0.768,0.585,0.963,0.244,0.098,0.6709999999999999,31,41.463,0.497
15,Giancarlo González ,13,0.0,0,0.0,0,0.0,0.0,0,0.8,5.5,0.2,0.0,0.2,0.2,1.2,2.8,1.6,1.4,0.2,0,0.0,0.0,0.0,1.5,0.0,0.1,0.1,1170,0.0,1.4,0.2,0.1,2.9,3.5,34.3,6.44,0.0,0,0,0,0,25.4,2.5,0.0,0.4,0.0,0.4,1.8,1.0,"LA Galaxy, ",0.4,0.4,1.0,0.571428571,0.453125,0.910394265,0.5555555560000001,0.012,0.012,0.012,0.9390000000000001,0.46299999999999997,0.012,0.402,0.256,0.22,0.122,0.073,0.012,0.012,0.012,0.622,0.012,0.183,0.012,0.963,0.134,0.39,0.341,0.47600000000000003,0.988,0.073,0.061,0.012,0.012,0.341,0.268,0.598,0.9390000000000001,0.585,0.415,0.317,0.622,0.061,31,7.317,0.373
16,Xavier Arreaga ,9,0.0,0,0.0,0,0.0,0.0,0,0.8,4.1,0.0,0.0,0.3,0.3,1.3,3.0,1.7,0.9,1.0,0,0.0,0.0,0.0,1.6,0.0,0.1,0.1,810,0.1,0.3,0.7,0.1,3.6,2.8,46.2,6.44,0.0,0,0,0,0,37.3,2.6,0.0,0.6,0.1,0.7,2.2,1.4,"Seattle Sounders FC, ",0.3,0.1,1.0,0.566666667,0.5625,0.934837093,0.636363636,0.012,0.012,0.012,0.5489999999999999,0.988,0.012,0.61,0.37799999999999995,0.256,0.5489999999999999,0.902,0.012,0.012,0.012,0.7070000000000001,0.012,0.183,0.78,0.037000000000000005,0.866,0.39,0.537,0.32899999999999996,0.988,0.537,0.085,0.012,0.537,0.6709999999999999,0.5489999999999999,0.8540000000000001,0.134,0.585,0.39,0.7440000000000001,0.89,0.134,24,78.049,0.574
17,Amro Tarek ,17,0.1,0,0.0,0,0.1,0.0,0,0.4,4.2,0.1,0.1,0.1,0.0,1.6,4.7,3.0,1.1,0.3,0,0.1,0.0,0.1,2.2,0.1,0.3,0.5,1368,0.0,0.7,0.2,0.0,2.2,7.4,29.7,6.87,0.1,0,0,0,0,15.3,4.9,0.0,0.5,0.0,0.5,1.8,1.4,"New York Red Bulls, ",0.4,0.3,0.0,0.638297872,0.229166667,0.757425743,0.7777777779999999,0.8540000000000001,0.012,0.012,0.61,0.768,0.5489999999999999,0.012,0.598,0.8290000000000001,0.341,0.171,0.012,0.8540000000000001,0.012,0.963,0.7440000000000001,0.78,0.012,0.46299999999999997,0.134,0.012,0.146,1.0,0.061,0.012,0.8290000000000001,0.012,0.012,0.451,0.5489999999999999,0.598,0.768,0.012,0.659,0.012,0.024,0.6709999999999999,27,18.293,0.441
18,Jack Elliott ,29,0.0,0,0.0,0,0.0,0.0,0,0.6,4.1,0.3,0.1,0.2,0.1,1.1,3.3,2.2,0.6,0.4,0,0.0,0.0,0.1,1.4,0.0,0.3,0.3,2610,0.0,0.8,0.5,0.0,4.8,4.7,51.4,6.91,0.0,0,0,0,0,37.4,4.6,0.0,0.4,0.3,0.8,2.0,1.4,"Philadelphia Union, ",0.4,0.1,0.5,0.666666667,0.505263158,0.89047619,0.7,0.012,0.012,0.012,0.5489999999999999,0.195,0.5489999999999999,0.195,0.195,0.5489999999999999,0.8540000000000001,0.39,0.012,0.012,0.012,0.537,0.012,0.78,0.012,0.561,0.573,0.012,0.841,0.78,0.988,0.5489999999999999,0.7070000000000001,0.012,0.9390000000000001,0.805,0.5489999999999999,0.598,0.134,0.207,0.8170000000000001,0.488,0.293,0.354,24,68.293,0.554
19,Andy Rose ,9,0.1,0,0.0,0,0.1,0.0,0,0.1,4.4,0.0,0.0,0.1,0.1,1.7,2.8,1.1,0.1,0.3,0,0.0,0.0,0.0,1.0,0.0,0.1,0.1,810,0.0,0.8,0.2,0.1,2.6,3.2,44.4,6.14,0.0,0,0,0,0,36.2,2.4,0.0,0.3,0.1,0.4,0.4,0.3,"Vancouver Whitecaps, ",0.3,0.1,1.0,0.39285714299999996,0.448275862,0.937823834,0.75,0.8540000000000001,0.012,0.012,0.7070000000000001,0.988,0.012,0.195,0.768,0.061,0.976,0.171,0.012,0.012,0.012,0.23199999999999998,0.012,0.183,0.012,0.561,0.134,0.39,0.256,0.402,0.988,0.5,0.037000000000000005,0.012,0.537,0.341,0.024,0.8540000000000001,0.134,0.585,0.024,0.293,0.927,0.512,29,23.171,0.453
20,Michael Mancienne ,12,0.0,0,0.0,0,0.0,0.0,0,0.7,4.6,0.0,0.1,0.3,0.2,2.2,6.4,4.2,2.0,0.3,0,0.1,0.0,0.1,1.6,0.0,0.0,0.0,1054,0.0,1.0,0.2,0.0,4.1,3.1,43.5,6.61,0.1,0,0,0,0,31.1,5.3,0.0,0.3,0.0,0.3,2.0,1.3,"New England Revolution, ",0.4,0.2,0.666666667,0.65625,0.5694444439999999,0.854395604,0.65,0.012,0.012,0.012,0.768,0.988,0.5489999999999999,0.402,0.9390000000000001,0.963,0.0,0.171,0.012,0.8540000000000001,0.012,0.7070000000000001,0.012,0.012,0.012,0.7559999999999999,0.134,0.012,0.7070000000000001,0.37799999999999995,0.061,0.28,0.927,0.012,0.012,0.195,0.488,0.598,0.5,0.293,0.78,0.805,0.073,0.195,31,59.756,0.534
21,Nedum Onuoha ,21,0.0,0,0.0,0,0.0,0.0,0,0.2,4.0,0.2,0.1,0.4,0.3,1.5,3.1,1.6,0.6,0.4,0,0.0,0.0,0.0,1.1,0.0,0.1,0.1,1873,0.0,1.0,0.3,0.2,2.0,2.1,39.4,6.69,0.0,0,0,0,0,32.8,2.5,0.0,0.2,0.0,0.2,1.3,1.1,"Real Salt Lake, ",0.7,0.1,0.75,0.516129032,0.487804878,0.92917847,0.846153846,0.012,0.012,0.012,0.5,0.46299999999999997,0.5489999999999999,0.61,0.537,0.22,0.8540000000000001,0.39,0.012,0.012,0.012,0.293,0.012,0.183,0.012,0.7559999999999999,0.305,0.768,0.085,0.098,0.988,0.366,0.061,0.012,0.012,0.146,0.366,0.073,0.134,0.39,0.183,0.42700000000000005,0.805,0.866,32,15.854,0.433
22,Jukka Raitala ,18,0.0,0,0.0,0,0.0,0.0,0,0.6,2.6,0.0,0.0,0.0,0.0,1.4,2.5,1.1,0.8,0.8,0,0.0,0.0,0.0,1.2,0.1,0.2,0.2,1595,0.0,0.5,0.5,0.1,3.9,3.7,49.2,6.4,0.0,0,0,0,0,38.5,3.2,0.0,0.1,0.0,0.1,1.7,1.2,"Montreal Impact, ",0.2,0.1,0.0,0.44,0.513157895,0.9232613909999999,0.705882353,0.012,0.012,0.012,0.049,0.988,0.012,0.012,0.46299999999999997,0.061,0.6709999999999999,0.805,0.012,0.012,0.012,0.37799999999999995,0.7440000000000001,0.46299999999999997,0.012,0.244,0.573,0.39,0.6459999999999999,0.537,0.988,0.598,0.293,0.012,0.012,0.085,0.402,0.927,0.134,0.012,0.037000000000000005,0.537,0.732,0.37799999999999995,30,53.659,0.512
23,Rudy Camacho ,13,0.0,0,0.0,0,0.0,0.0,0,0.7,3.6,0.2,0.2,0.6,0.5,1.7,3.7,2.0,0.9,0.3,0,0.0,0.1,0.1,1.5,0.0,0.3,0.3,1167,0.0,0.3,0.2,0.1,4.2,3.6,66.9,6.58,0.0,0,0,0,0,54.2,4.9,0.1,0.2,0.2,0.5,2.1,1.4,"Montreal Impact, ",0.4,0.2,0.833333333,0.540540541,0.538461538,0.917089679,0.666666667,0.012,0.012,0.012,0.244,0.46299999999999997,0.915,0.878,0.768,0.402,0.5489999999999999,0.171,0.012,0.012,0.9390000000000001,0.622,0.012,0.78,0.012,0.037000000000000005,0.134,0.39,0.732,0.5,0.988,0.976,0.8290000000000001,0.732,0.8290000000000001,0.451,0.5489999999999999,0.598,0.5,0.512,0.305,0.659,0.6459999999999999,0.207,28,40.244,0.491
24,Claude Dielna ,7,0.0,0,0.0,0,0.0,0.0,0,0.4,5.3,0.0,0.0,0.1,0.1,1.6,3.3,1.7,1.7,0.9,0,0.0,0.0,0.0,0.7,0.0,0.0,0.0,627,0.0,0.1,0.1,0.1,3.2,4.4,45.4,6.55,0.0,0,0,0,0,34.0,3.7,0.1,0.3,0.3,0.7,2.3,1.9,"Portland Timbers, ",0.4,0.4,1.0,0.515151515,0.42105263200000004,0.901856764,0.826086957,0.012,0.012,0.012,0.902,0.988,0.012,0.195,0.598,0.256,0.037000000000000005,0.866,0.012,0.012,0.012,0.073,0.012,0.012,0.012,0.012,0.073,0.39,0.47600000000000003,0.7440000000000001,0.988,0.39,0.42700000000000005,0.732,0.9390000000000001,0.6709999999999999,0.768,0.598,0.9390000000000001,0.585,0.171,0.207,0.46299999999999997,0.8290000000000001,31,8.537,0.382
25,Zakaria Diallo ,23,0.1,0,0.0,0,0.0,0.0,0,0.3,3.3,0.3,0.1,0.7,0.6,1.0,3.0,2.1,0.8,1.0,0,0.1,0.0,0.1,1.0,0.0,0.2,0.3,2037,0.0,0.4,0.6,0.0,4.6,4.1,59.4,6.69,0.0,0,0,0,0,45.1,5.6,0.0,0.4,0.1,0.5,1.7,1.4,"Montreal Impact, ",0.5,0.1,0.857142857,0.7,0.5287356320000001,0.8895463509999999,0.8235294120000001,0.8540000000000001,0.012,0.012,0.171,0.195,0.5489999999999999,0.9390000000000001,0.11,0.47600000000000003,0.6709999999999999,0.902,0.012,0.8540000000000001,0.012,0.23199999999999998,0.012,0.46299999999999997,0.012,0.11,0.7070000000000001,0.012,0.8290000000000001,0.6709999999999999,0.988,0.768,0.951,0.012,0.537,0.451,0.5489999999999999,0.244,0.134,0.5489999999999999,0.878,0.61,0.28,0.8170000000000001,33,57.317,0.526
26,Frédéric Brillant ,29,0.0,0,0.0,0,0.0,0.0,0,0.9,6.2,0.2,0.0,0.2,0.2,1.6,4.3,2.7,0.7,0.3,0,0.0,0.0,0.0,1.0,0.0,0.2,0.2,2583,0.0,1.1,0.4,0.1,2.0,2.5,39.6,6.97,0.0,0,0,0,0,30.9,4.1,0.0,0.5,0.2,0.8,2.4,1.5,"DC United, ",0.3,0.2,1.0,0.627906977,0.444444444,0.882857143,0.625,0.012,0.012,0.012,0.963,0.46299999999999997,0.012,0.402,0.598,0.6829999999999999,0.8170000000000001,0.171,0.012,0.012,0.012,0.23199999999999998,0.012,0.46299999999999997,0.012,0.878,0.512,0.39,0.085,0.195,0.988,0.268,0.573,0.012,0.8290000000000001,0.805,0.634,0.8540000000000001,0.5,0.585,0.585,0.268,0.256,0.11,34,32.927,0.475
27,Guram Kashia ,15,0.0,0,0.0,0,0.0,0.0,0,1.0,2.8,0.1,0.0,0.3,0.3,1.6,3.7,2.1,0.9,0.3,0,0.0,0.0,0.0,1.9,0.1,0.3,0.4,1350,0.0,0.7,0.8,0.0,6.6,4.7,62.0,6.81,0.0,0,0,0,0,46.9,3.9,0.0,0.4,0.1,0.5,3.4,2.4,"San Jose Earthquakes, ",0.4,0.1,1.0,0.567567568,0.584070796,0.9232283459999999,0.705882353,0.012,0.012,0.012,0.073,0.768,0.012,0.61,0.598,0.47600000000000003,0.5489999999999999,0.171,0.012,0.012,0.012,0.841,0.7440000000000001,0.78,0.012,0.46299999999999997,0.951,0.012,0.963,0.78,0.988,0.805,0.5,0.012,0.537,0.451,0.951,0.598,0.134,0.585,0.402,0.8540000000000001,0.72,0.37799999999999995,32,100.0,0.694
28,Florian Jungwirth ,24,0.0,0,0.0,0,0.0,0.0,0,0.9,3.5,0.1,0.0,0.0,0.0,2.1,4.2,2.1,1.3,1.0,0,0.0,0.0,0.0,2.0,0.0,0.2,0.2,2160,0.0,0.5,0.7,0.1,5.0,2.6,60.3,6.92,0.0,0,0,0,0,47.7,4.9,0.3,0.3,0.0,0.7,3.1,2.2,"San Jose Earthquakes, ",0.4,0.1,0.0,0.5,0.657894737,0.906844106,0.709677419,0.012,0.012,0.012,0.22,0.768,0.012,0.012,0.902,0.47600000000000003,0.171,0.902,0.012,0.012,0.012,0.915,0.012,0.46299999999999997,0.012,0.244,0.866,0.39,0.866,0.256,0.988,0.878,0.8290000000000001,0.9390000000000001,0.012,0.6709999999999999,0.902,0.598,0.134,0.012,0.098,0.9390000000000001,0.5489999999999999,0.402,30,91.463,0.619
29,Bastian Schweinsteiger ,23,0.1,0,0.0,0,0.1,0.0,0,0.6,2.9,0.3,0.1,0.7,0.6,1.0,2.0,1.0,1.1,1.0,0,0.0,0.0,0.0,1.4,0.2,0.4,0.7,2070,0.0,0.5,0.7,0.0,7.1,4.2,62.4,6.96,0.0,0,0,0,0,47.4,3.7,0.2,0.3,0.0,0.6,2.3,1.8,"Chicago Fire, ",0.4,0.4,0.857142857,0.5,0.628318584,0.927592955,0.7826086959999999,0.8540000000000001,0.012,0.012,0.098,0.195,0.5489999999999999,0.9390000000000001,0.11,0.037000000000000005,0.341,0.902,0.012,0.012,0.012,0.537,0.963,0.963,0.012,0.244,0.866,0.012,0.988,0.6829999999999999,0.988,0.8540000000000001,0.42700000000000005,0.866,0.012,0.573,0.7440000000000001,0.598,0.9390000000000001,0.5489999999999999,0.098,0.89,0.78,0.72,35,74.39,0.564
30,Lalas Abubakar ,16,0.0,0,0.0,0,0.0,0.0,0,0.0,8.0,1.0,0.0,0.0,0.0,2.0,6.0,4.0,0.0,0.0,0,0.0,0.0,0.0,2.0,0.0,0.0,0.0,1440,0.0,2.0,0.0,0.0,1.0,0.0,51.0,6.67,0.0,0,0,0,0,47.0,3.0,0.0,2.0,0.0,2.0,0.0,0.0,"Colorado Rapids, ",0.0,0.0,0.0,0.666666667,1.0,0.94,0.0,0.012,0.012,0.012,1.0,0.0,0.012,0.012,0.878,0.927,0.988,0.012,0.012,0.012,0.012,0.915,0.012,0.012,0.012,1.0,0.012,0.012,0.012,0.012,0.988,0.8170000000000001,0.207,0.012,0.012,1.0,0.012,0.988,0.012,0.012,0.805,1.0,0.951,0.012,24,87.805,0.603
31,Jonathan Mensah ,19,0.0,0,0.0,0,0.0,0.0,0,0.3,4.1,0.1,0.0,0.2,0.2,1.7,4.8,3.1,0.8,0.3,0,0.0,0.0,0.0,0.9,0.0,0.2,0.2,1710,0.1,0.8,0.3,0.1,3.6,3.9,57.0,6.44,0.0,0,0,0,0,44.7,4.7,0.1,0.4,0.1,0.6,0.9,0.6,"Columbus Crew, ",0.4,0.3,1.0,0.645833333,0.48,0.9048583,0.666666667,0.012,0.012,0.012,0.5489999999999999,0.768,0.012,0.402,0.768,0.8540000000000001,0.6709999999999999,0.171,0.012,0.012,0.012,0.195,0.012,0.46299999999999997,0.78,0.561,0.305,0.39,0.537,0.585,0.988,0.7559999999999999,0.7440000000000001,0.732,0.537,0.573,0.061,0.598,0.768,0.585,0.7070000000000001,0.415,0.512,0.207,29,51.22,0.511
32,Maynor Figueroa ,21,0.0,0,0.0,0,0.0,0.0,0,0.4,3.9,0.0,0.0,0.6,0.6,1.4,3.3,1.9,0.8,1.1,0,0.0,0.0,0.0,1.3,0.1,0.3,0.4,1890,0.0,0.8,0.6,0.1,4.4,4.2,56.2,6.63,0.0,0,0,0,0,42.0,5.6,0.9,0.0,0.0,0.9,1.5,1.0,"Houston Dynamo, ",0.3,0.3,1.0,0.575757576,0.511627907,0.882352941,0.666666667,0.012,0.012,0.012,0.39,0.988,0.012,0.9390000000000001,0.46299999999999997,0.354,0.6709999999999999,0.963,0.012,0.012,0.012,0.488,0.7440000000000001,0.78,0.012,0.561,0.7070000000000001,0.39,0.7929999999999999,0.6829999999999999,0.988,0.659,0.951,1.0,0.012,0.89,0.268,0.8540000000000001,0.768,0.585,0.42700000000000005,0.524,0.23199999999999998,0.207,36,67.073,0.552
33,Botond Baráth ,16,0.0,0,0.0,0,0.0,0.0,0,0.4,3.8,0.1,0.2,0.5,0.3,3.0,5.9,2.9,1.4,0.4,0,0.0,0.0,0.0,1.2,0.1,0.0,0.1,1368,0.0,0.7,0.6,0.1,3.7,3.7,56.1,6.62,0.0,0,0,0,0,45.8,3.0,0.0,0.3,0.0,0.3,1.2,0.9,"Sporting Kansas City, ",0.2,0.3,0.6,0.491525424,0.5,0.93852459,0.75,0.012,0.012,0.012,0.341,0.768,0.915,0.61,1.0,0.768,0.122,0.39,0.012,0.012,0.012,0.37799999999999995,0.7440000000000001,0.012,0.012,0.46299999999999997,0.7070000000000001,0.39,0.585,0.537,0.988,0.78,0.207,0.012,0.012,0.195,0.22,0.927,0.768,0.28,0.085,0.46299999999999997,0.9390000000000001,0.561,27,69.512,0.555
34,Maxime Chanot ,26,0.0,0,0.0,0,0.0,0.0,0,0.5,5.1,0.2,0.0,0.4,0.4,1.7,4.4,2.8,1.0,0.7,0,0.0,0.0,0.0,1.5,0.0,0.2,0.2,2340,0.1,0.8,0.6,0.1,4.3,4.2,54.8,7.01,0.0,0,0,0,0,41.7,4.7,0.0,0.3,0.0,0.4,2.6,2.2,"New York City FC, ",0.4,0.3,1.0,0.636363636,0.505882353,0.8987068970000001,0.846153846,0.012,0.012,0.012,0.866,0.46299999999999997,0.012,0.7929999999999999,0.768,0.732,0.402,0.7440000000000001,0.012,0.012,0.012,0.622,0.012,0.46299999999999997,0.78,0.561,0.7070000000000001,0.39,0.7559999999999999,0.6829999999999999,0.988,0.6459999999999999,0.7440000000000001,0.012,0.012,0.341,0.902,0.598,0.768,0.585,0.634,0.5,0.415,0.866,29,96.341,0.629
35,Johan Kappelhof ,11,0.0,0,0.0,0,0.0,0.0,0,0.3,4.1,0.3,0.1,0.3,0.2,0.9,2.4,1.5,1.1,0.4,0,0.0,0.0,0.0,1.1,0.0,0.2,0.2,989,0.0,0.8,0.1,0.0,3.3,2.6,39.4,6.36,0.0,0,0,0,0,30.3,3.2,0.2,0.0,0.0,0.2,1.1,0.8,"Chicago Fire, ",0.3,0.2,0.666666667,0.625,0.559322034,0.904477612,0.727272727,0.012,0.012,0.012,0.5489999999999999,0.195,0.5489999999999999,0.402,0.049,0.183,0.341,0.39,0.012,0.012,0.012,0.293,0.012,0.46299999999999997,0.012,0.561,0.073,0.012,0.488,0.256,0.988,0.256,0.293,0.866,0.012,0.146,0.134,0.8540000000000001,0.5,0.293,0.573,0.732,0.5,0.47600000000000003,29,10.976,0.404
36,Maikel van der Werff ,6,0.0,0,0.0,0,0.0,0.0,0,0.3,4.8,0.2,0.0,0.3,0.3,1.2,4.0,2.8,1.3,1.2,0,0.0,0.0,0.0,0.5,0.2,0.2,0.3,540,0.3,0.8,0.0,0.2,5.3,4.3,50.8,6.29,0.0,0,0,0,0,36.8,4.3,0.0,0.0,0.2,0.2,1.7,1.3,"FC Cincinnati, ",0.5,0.0,1.0,0.7,0.552083333,0.8953771290000001,0.764705882,0.012,0.012,0.012,0.8290000000000001,0.46299999999999997,0.012,0.61,0.256,0.732,0.171,0.976,0.012,0.012,0.012,0.049,0.963,0.46299999999999997,1.0,0.561,0.012,0.768,0.915,0.732,0.988,0.524,0.622,0.012,0.8290000000000001,0.146,0.488,0.244,0.012,0.585,0.866,0.7070000000000001,0.37799999999999995,0.6459999999999999,30,35.366,0.483
37,Bill Tuiloma ,14,0.0,0,0.0,0,0.0,0.0,0,0.7,5.0,0.1,0.0,0.2,0.2,1.6,4.4,2.8,0.8,0.3,0,0.1,0.0,0.1,1.3,0.0,0.0,0.0,1230,0.0,0.9,0.2,0.3,3.7,2.1,35.3,6.8,0.0,0,0,0,0,26.5,3.0,0.1,1.1,0.0,1.2,2.2,1.5,"Portland Timbers, ",0.4,0.1,1.0,0.636363636,0.637931034,0.898305085,0.681818182,0.012,0.012,0.012,0.841,0.768,0.012,0.402,0.598,0.732,0.6709999999999999,0.171,0.012,0.8540000000000001,0.012,0.488,0.012,0.012,0.012,0.6829999999999999,0.134,0.902,0.585,0.098,0.988,0.11,0.207,0.732,0.012,0.976,0.634,0.598,0.134,0.585,0.634,0.915,0.402,0.293,24,65.854,0.546
38,Deklan Wynne ,8,0.0,0,0.0,0,0.0,0.0,0,0.3,3.9,0.1,0.1,0.1,0.0,2.0,3.1,1.1,0.8,0.3,0,0.0,0.0,0.0,0.9,0.0,0.1,0.1,720,0.0,0.9,0.5,0.4,3.3,4.0,37.6,6.22,0.0,0,0,0,0,26.8,3.6,0.0,0.0,0.0,0.0,1.6,1.4,"Colorado Rapids, ",0.1,0.0,0.0,0.35483871,0.452054795,0.8815789470000001,0.875,0.012,0.012,0.012,0.39,0.768,0.5489999999999999,0.012,0.878,0.061,0.6709999999999999,0.171,0.012,0.012,0.012,0.195,0.012,0.183,0.012,0.6829999999999999,0.573,0.976,0.488,0.6459999999999999,0.988,0.122,0.366,0.012,0.012,0.012,0.5489999999999999,0.963,0.012,0.012,0.012,0.305,0.207,0.927,24,29.268,0.466
39,Tommy Smith ,21,0.0,0,0.0,0,0.0,0.0,0,0.1,3.6,0.2,0.0,0.0,0.0,1.0,3.4,2.4,0.5,0.3,0,0.0,0.0,0.1,1.0,0.1,0.2,0.3,1875,0.1,1.2,0.2,0.0,2.9,3.0,30.1,6.55,0.0,0,0,0,0,21.9,2.3,0.0,0.5,0.2,0.8,0.9,0.7,"Colorado Rapids, ",0.3,0.1,0.0,0.705882353,0.491525424,0.904958678,0.7777777779999999,0.012,0.012,0.012,0.244,0.46299999999999997,0.012,0.012,0.11,0.598,0.878,0.171,0.012,0.012,0.012,0.23199999999999998,0.7440000000000001,0.46299999999999997,0.78,0.915,0.134,0.012,0.341,0.354,0.988,0.037000000000000005,0.012,0.012,0.8290000000000001,0.805,0.085,0.8540000000000001,0.134,0.012,0.915,0.451,0.524,0.6709999999999999,29,47.561,0.507
40,Michael Boxall ,22,0.0,0,0.0,0,0.0,0.0,0,0.4,4.3,0.2,0.0,0.4,0.3,0.9,2.9,2.0,0.9,0.5,0,0.0,0.0,0.0,1.7,0.0,0.2,0.2,1980,0.0,0.6,0.3,0.2,1.4,2.5,35.5,6.92,0.0,0,0,0,0,28.5,3.1,0.0,0.3,0.1,0.4,2.3,2.0,"Minnesota United, ",0.2,0.1,0.75,0.689655172,0.35897435899999997,0.9018987340000001,0.869565217,0.012,0.012,0.012,0.6459999999999999,0.46299999999999997,0.012,0.61,0.049,0.402,0.5489999999999999,0.537,0.012,0.012,0.012,0.7559999999999999,0.012,0.46299999999999997,0.012,0.354,0.305,0.768,0.024,0.195,0.988,0.183,0.256,0.012,0.537,0.341,0.841,0.927,0.134,0.39,0.8290000000000001,0.11,0.47600000000000003,0.915,31,50.0,0.51
41,Sebastien Ibeagha ,7,0.0,0,0.0,0,0.0,0.0,0,0.3,3.9,0.0,0.0,0.3,0.3,0.8,3.2,2.4,1.1,0.6,0,0.0,0.0,0.0,0.8,0.0,0.0,0.0,593,0.0,0.6,0.3,0.0,3.9,3.5,46.9,6.64,0.0,0,0,0,0,36.7,2.7,0.0,0.3,0.0,0.3,1.2,0.9,"New York City FC, ",0.8,0.0,1.0,0.75,0.527027027,0.9314720809999999,0.75,0.012,0.012,0.012,0.39,0.988,0.012,0.61,0.024,0.598,0.341,0.695,0.012,0.012,0.012,0.134,0.012,0.012,0.012,0.354,0.305,0.012,0.6459999999999999,0.47600000000000003,0.988,0.512,0.11,0.012,0.012,0.195,0.22,0.037000000000000005,0.012,0.585,0.951,0.598,0.8290000000000001,0.561,27,46.341,0.505
42,Harold Cummings ,16,0.0,0,0.0,0,0.0,0.0,0,0.6,3.5,0.3,0.0,0.5,0.5,1.5,2.8,1.4,1.0,0.8,0,0.0,0.0,0.0,1.9,0.1,0.2,0.3,1392,0.0,1.0,0.7,0.1,5.2,4.4,59.5,6.66,0.0,0,0,0,0,46.2,3.7,0.0,0.1,0.0,0.1,2.5,1.9,"San Jose Earthquakes, ",0.5,0.3,1.0,0.5,0.541666667,0.925851703,0.76,0.012,0.012,0.012,0.22,0.195,0.012,0.878,0.537,0.146,0.402,0.805,0.012,0.012,0.012,0.841,0.7440000000000001,0.46299999999999997,0.012,0.7559999999999999,0.866,0.39,0.89,0.7440000000000001,0.988,0.7929999999999999,0.42700000000000005,0.012,0.012,0.085,0.768,0.244,0.768,0.585,0.098,0.6709999999999999,0.7559999999999999,0.61,27,78.049,0.574
43,Román Torres ,11,0.0,0,0.0,0,0.0,0.0,0,0.6,4.3,0.2,0.1,0.4,0.3,1.4,3.5,2.2,0.4,0.4,0,0.0,0.0,0.0,1.4,0.0,0.2,0.2,990,0.1,0.4,0.3,0.0,3.9,4.7,42.3,6.76,0.0,0,0,0,0,29.5,4.2,0.1,0.7,0.2,1.0,1.7,1.1,"Seattle Sounders FC, ",0.3,0.2,0.75,0.628571429,0.45348837200000003,0.87537092,0.647058824,0.012,0.012,0.012,0.6459999999999999,0.46299999999999997,0.5489999999999999,0.61,0.46299999999999997,0.5489999999999999,0.951,0.39,0.012,0.012,0.012,0.537,0.012,0.46299999999999997,0.78,0.11,0.305,0.012,0.6459999999999999,0.78,0.988,0.23199999999999998,0.598,0.732,0.8290000000000001,0.963,0.366,0.8540000000000001,0.5,0.39,0.61,0.32899999999999996,0.159,0.183,33,21.951,0.45
44,Alexander Callens ,19,0.0,0,0.0,0,0.0,0.0,0,0.8,3.7,0.4,0.1,0.4,0.3,1.4,3.4,2.0,1.1,1.4,0,0.0,0.0,0.0,1.7,0.0,0.1,0.1,1710,0.1,0.3,0.9,0.2,3.8,4.8,60.2,6.81,0.0,0,0,0,0,47.4,4.2,0.3,0.3,0.1,0.6,2.7,1.9,"New York City FC, ",0.5,0.1,0.75,0.588235294,0.441860465,0.918604651,0.703703704,0.012,0.012,0.012,0.317,0.049,0.5489999999999999,0.61,0.46299999999999997,0.402,0.341,0.988,0.012,0.012,0.012,0.7559999999999999,0.012,0.183,0.78,0.037000000000000005,0.988,0.768,0.61,0.8170000000000001,0.988,0.8540000000000001,0.598,0.9390000000000001,0.537,0.573,0.768,0.244,0.134,0.39,0.451,0.256,0.6709999999999999,0.366,27,36.585,0.485
45,Lamine Sané ,21,0.0,0,0.0,0,0.0,0.0,0,0.3,4.3,0.1,0.0,0.3,0.3,1.2,3.4,2.1,0.4,0.5,0,0.0,0.0,0.0,1.9,0.0,0.3,0.4,1890,0.1,0.4,0.3,0.0,3.6,2.7,43.7,6.79,0.0,0,0,0,0,34.3,3.0,0.0,0.3,0.0,0.3,1.0,0.8,"Orlando City, ",0.3,0.1,1.0,0.6176470589999999,0.571428571,0.919571046,0.8,0.012,0.012,0.012,0.6459999999999999,0.768,0.012,0.61,0.256,0.47600000000000003,0.951,0.537,0.012,0.012,0.012,0.841,0.012,0.78,0.78,0.11,0.305,0.012,0.537,0.293,0.988,0.42700000000000005,0.207,0.012,0.012,0.195,0.134,0.8540000000000001,0.134,0.585,0.537,0.8170000000000001,0.6829999999999999,0.768,32,84.146,0.586
46,Aljaz Struna ,25,0.0,0,0.0,0,0.0,0.0,0,0.4,2.5,0.0,0.0,0.2,0.2,0.9,2.2,1.3,0.9,0.2,0,0.0,0.0,0.0,0.7,0.0,0.2,0.2,2250,0.0,0.8,0.5,0.1,2.4,2.1,45.9,6.32,0.0,0,0,0,0,38.0,3.4,0.0,0.0,0.0,0.0,1.1,0.7,"Houston Dynamo, ",0.2,0.1,1.0,0.590909091,0.533333333,0.917874396,0.636363636,0.012,0.012,0.012,0.024,0.988,0.012,0.402,0.049,0.134,0.5489999999999999,0.073,0.012,0.012,0.012,0.073,0.012,0.46299999999999997,0.012,0.561,0.573,0.39,0.171,0.098,0.988,0.573,0.317,0.012,0.012,0.012,0.085,0.927,0.134,0.585,0.488,0.634,0.659,0.134,29,30.488,0.468
47,Kim Kee-hee ,24,0.0,0,0.0,0,0.0,0.0,0,0.6,3.1,0.3,0.1,0.3,0.2,1.0,2.1,1.1,1.0,0.4,0,0.0,0.0,0.0,1.6,0.0,0.3,0.3,2082,0.0,0.3,0.6,0.0,3.1,2.9,43.7,6.48,0.0,0,0,0,0,34.3,3.5,0.1,0.4,0.1,0.6,1.5,1.0,"Seattle Sounders FC, ",0.4,0.3,0.666666667,0.523809524,0.5166666670000001,0.907407407,0.666666667,0.012,0.012,0.012,0.146,0.195,0.5489999999999999,0.402,0.11,0.061,0.402,0.39,0.012,0.012,0.012,0.7070000000000001,0.012,0.78,0.012,0.037000000000000005,0.7070000000000001,0.012,0.439,0.341,0.988,0.42700000000000005,0.341,0.732,0.537,0.573,0.268,0.598,0.768,0.293,0.22,0.5489999999999999,0.585,0.207,30,9.756,0.386
48,Andreu Fontàs ,10,0.0,0,0.0,0,0.0,0.0,0,1.3,2.8,0.2,0.0,0.2,0.2,1.5,3.5,1.9,0.7,0.5,0,0.0,0.0,0.0,1.2,0.1,0.2,0.3,878,0.0,0.6,0.8,0.1,3.6,3.2,75.0,6.49,0.0,0,0,0,0,64.7,3.6,0.2,0.0,0.1,0.3,3.4,2.1,"Sporting Kansas City, ",0.1,0.2,1.0,0.542857143,0.529411765,0.9472913620000001,0.6176470589999999,0.012,0.012,0.012,0.073,0.46299999999999997,0.012,0.402,0.537,0.354,0.8170000000000001,0.537,0.012,0.012,0.012,0.37799999999999995,0.7440000000000001,0.46299999999999997,0.012,0.354,0.951,0.39,0.537,0.402,0.988,1.0,0.366,0.866,0.537,0.195,0.878,0.963,0.5,0.585,0.317,0.622,0.963,0.085,29,92.683,0.62
49,Robin Jansson ,23,0.0,0,0.0,0,0.0,0.0,0,0.4,4.5,0.1,0.0,0.1,0.0,1.3,2.4,1.1,0.7,0.4,0,0.0,0.0,0.0,1.2,0.0,0.0,0.0,2025,0.0,0.5,0.3,0.2,2.4,3.9,38.0,6.47,0.0,0,0,0,0,29.2,2.4,0.2,0.2,0.0,0.4,1.1,0.7,"Orlando City, ",0.3,0.2,0.0,0.45833333299999995,0.380952381,0.924050633,0.636363636,0.012,0.012,0.012,0.7440000000000001,0.768,0.012,0.012,0.37799999999999995,0.061,0.8170000000000001,0.39,0.012,0.012,0.012,0.37799999999999995,0.012,0.012,0.012,0.244,0.305,0.768,0.171,0.585,0.988,0.207,0.037000000000000005,0.866,0.012,0.341,0.085,0.8540000000000001,0.5,0.012,0.061,0.159,0.7440000000000001,0.134,27,6.098,0.356
50,Reto Ziegler ,25,0.0,0,0.0,0,0.0,0.0,0,0.5,2.9,0.1,0.0,0.0,0.0,1.2,2.5,1.4,1.1,0.4,0,0.2,0.0,0.2,1.1,0.0,0.2,0.2,2250,0.2,0.5,0.5,0.2,5.2,3.9,67.1,6.65,0.0,0,0,0,0,54.1,3.9,0.4,0.4,0.0,0.8,1.6,1.2,"FC Dallas, ",0.4,0.2,0.0,0.56,0.571428571,0.932758621,0.75,0.012,0.012,0.012,0.098,0.768,0.012,0.012,0.256,0.146,0.341,0.39,0.012,0.951,0.012,0.293,0.012,0.46299999999999997,0.963,0.244,0.573,0.768,0.89,0.585,0.988,0.963,0.5,0.963,0.012,0.805,0.402,0.598,0.5,0.012,0.37799999999999995,0.8290000000000001,0.866,0.512,33,71.951,0.557
51,Justin Hoyte ,8,0.0,0,0.0,0,0.0,0.0,0,0.1,3.0,0.3,0.0,0.1,0.1,1.1,2.0,0.9,0.4,0.0,0,0.0,0.0,0.0,0.8,0.1,0.0,0.1,720,0.0,1.0,0.0,0.0,3.4,1.9,50.9,5.89,0.0,0,0,0,0,43.4,2.3,0.0,0.0,0.0,0.0,0.6,0.5,"FC Cincinnati, ",0.3,0.1,1.0,0.45,0.6415094339999999,0.9496717720000001,0.833333333,0.012,0.012,0.012,0.134,0.195,0.012,0.195,0.195,0.024,0.951,0.012,0.012,0.012,0.012,0.134,0.7440000000000001,0.012,0.012,0.7559999999999999,0.012,0.012,0.524,0.073,0.988,0.7070000000000001,0.012,0.012,0.012,0.012,0.049,0.8540000000000001,0.134,0.585,0.049,0.927,1.0,0.8540000000000001,34,45.122,0.503
52,Aboubacar Keita ,6,0.0,0,0.0,0,0.0,0.0,0,0.0,5.1,0.0,0.0,0.5,0.5,1.7,3.8,2.1,0.7,0.3,0,0.0,0.0,0.0,0.9,0.0,0.2,0.2,526,0.0,0.2,0.2,0.0,2.9,2.7,35.4,6.6,0.0,0,0,0,0,26.3,3.4,0.0,0.3,0.0,0.3,1.0,1.0,"Columbus Crew, ",0.0,0.0,1.0,0.552631579,0.517857143,0.8855218859999999,1.0,0.012,0.012,0.012,0.866,0.988,0.012,0.878,0.768,0.47600000000000003,0.8170000000000001,0.171,0.012,0.012,0.012,0.195,0.012,0.46299999999999997,0.012,0.024,0.134,0.012,0.341,0.293,0.988,0.098,0.317,0.012,0.012,0.195,0.268,0.988,0.012,0.585,0.341,0.561,0.268,1.0,19,28.049,0.464
53,Donovan Pines ,9,0.1,0,0.0,0,0.1,0.0,0,0.2,6.6,0.2,0.1,0.6,0.5,1.2,5.7,4.5,0.9,0.5,0,0.0,0.0,0.0,1.9,0.0,0.6,0.6,772,0.0,0.7,0.5,0.1,1.6,2.4,36.5,7.19,0.0,0,0,0,0,28.0,4.4,0.0,0.1,0.1,0.2,2.1,1.9,"DC United, ",0.8,0.1,0.833333333,0.7894736840000001,0.4,0.864197531,0.904761905,0.8540000000000001,0.012,0.012,0.976,0.46299999999999997,0.5489999999999999,0.878,0.256,0.976,0.5489999999999999,0.537,0.012,0.012,0.012,0.841,0.012,0.988,0.012,0.46299999999999997,0.573,0.39,0.049,0.171,0.988,0.159,0.6459999999999999,0.012,0.537,0.146,0.768,0.037000000000000005,0.134,0.512,0.976,0.183,0.11,0.963,21,48.78,0.508
54,Derek Cornelius ,12,0.0,0,0.0,0,0.0,0.0,0,0.3,7.3,0.1,0.1,0.2,0.1,1.6,3.0,1.5,1.5,0.2,0,0.0,0.0,0.0,0.4,0.0,0.2,0.2,1036,0.1,1.5,0.3,0.3,1.7,3.9,38.7,6.32,0.0,0,0,0,0,29.6,3.6,0.0,0.1,0.2,0.3,1.4,1.0,"Vancouver Whitecaps, ",0.5,0.3,0.5,0.5,0.303571429,0.891566265,0.7142857140000001,0.012,0.012,0.012,0.988,0.768,0.5489999999999999,0.195,0.598,0.183,0.085,0.073,0.012,0.012,0.012,0.037000000000000005,0.012,0.46299999999999997,0.78,0.976,0.305,0.902,0.061,0.585,0.988,0.244,0.366,0.012,0.8290000000000001,0.195,0.268,0.244,0.768,0.207,0.098,0.049,0.341,0.415,21,2.439,0.291
55,Antonio Mlinar Delamea ,11,0.1,0,0.0,0,0.1,0.0,0,0.6,3.9,0.0,0.0,0.1,0.1,1.7,3.8,2.0,1.6,0.6,0,0.2,0.0,0.2,2.0,0.0,0.1,0.1,980,0.0,1.1,0.5,0.5,2.9,1.9,39.2,6.89,0.0,0,0,0,0,31.2,3.1,0.0,0.5,0.1,0.6,2.2,1.6,"New England Revolution, ",0.1,0.5,1.0,0.526315789,0.604166667,0.9096209909999999,0.727272727,0.8540000000000001,0.012,0.012,0.39,0.988,0.012,0.195,0.768,0.402,0.073,0.695,0.012,0.951,0.012,0.915,0.012,0.183,0.012,0.878,0.573,1.0,0.341,0.073,0.988,0.305,0.256,0.012,0.537,0.573,0.7070000000000001,0.963,0.988,0.585,0.244,0.878,0.61,0.47600000000000003,27,86.585,0.597
56,Diego Polenta ,18,0.1,0,0.0,0,0.1,0.0,0,1.4,4.1,0.1,0.1,0.5,0.4,0.9,2.6,1.7,0.9,0.7,0,0.1,0.0,0.1,0.7,0.4,0.0,0.4,1620,0.0,0.8,0.6,0.3,4.2,3.9,47.5,6.79,0.0,0,0,0,0,34.7,4.7,0.1,0.4,0.1,0.7,3.7,2.3,"LA Galaxy, ",0.3,0.3,0.8,0.653846154,0.518518519,0.88071066,0.621621622,0.8540000000000001,0.012,0.012,0.5489999999999999,0.768,0.5489999999999999,0.7929999999999999,0.049,0.256,0.5489999999999999,0.7440000000000001,0.012,0.8540000000000001,0.012,0.073,1.0,0.012,0.012,0.561,0.7070000000000001,0.902,0.732,0.585,0.988,0.451,0.7440000000000001,0.732,0.537,0.6709999999999999,0.927,0.8540000000000001,0.768,0.47600000000000003,0.7559999999999999,0.573,0.195,0.098,27,62.195,0.536
57,Miles Robinson ,27,0.0,0,0.0,0,0.0,0.0,0,0.6,3.9,0.3,0.1,0.4,0.3,1.3,4.4,3.1,0.7,0.9,0,0.0,0.0,0.0,1.9,0.0,0.0,0.1,2430,0.0,0.7,0.7,0.1,2.7,3.1,58.7,7.13,0.0,0,0,0,0,48.0,4.9,0.0,0.5,0.0,0.6,2.5,1.9,"Atlanta United, ",0.5,0.1,0.75,0.704545455,0.465517241,0.9073724009999999,0.76,0.012,0.012,0.012,0.39,0.195,0.5489999999999999,0.61,0.37799999999999995,0.8540000000000001,0.8170000000000001,0.866,0.012,0.012,0.012,0.841,0.012,0.012,0.012,0.46299999999999997,0.866,0.39,0.305,0.37799999999999995,0.988,0.89,0.8290000000000001,0.012,0.012,0.573,0.768,0.244,0.134,0.39,0.902,0.37799999999999995,0.573,0.61,22,93.902,0.622
58,Justen Glad ,19,0.0,0,0.0,0,0.0,0.0,0,0.4,4.6,0.2,0.1,0.2,0.1,1.6,4.3,2.7,1.0,0.5,0,0.0,0.0,0.0,1.2,0.0,0.1,0.1,1704,0.0,0.6,0.5,0.2,2.9,3.4,48.4,6.79,0.0,0,0,0,0,37.6,4.6,0.0,0.3,0.1,0.4,1.2,0.8,"Real Salt Lake, ",0.3,0.1,0.5,0.627906977,0.46031746,0.8909952609999999,0.666666667,0.012,0.012,0.012,0.768,0.46299999999999997,0.5489999999999999,0.195,0.598,0.6829999999999999,0.402,0.537,0.012,0.012,0.012,0.37799999999999995,0.012,0.183,0.012,0.354,0.573,0.768,0.341,0.46299999999999997,0.988,0.561,0.7070000000000001,0.012,0.537,0.341,0.134,0.8540000000000001,0.134,0.207,0.585,0.354,0.317,0.268,22,19.512,0.448
59,Kamal Miller ,6,0.0,0,0.0,0,0.0,0.0,0,0.5,4.2,0.0,0.0,0.2,0.2,1.0,2.0,1.0,0.2,0.2,0,0.0,0.0,0.0,1.2,0.0,0.0,0.0,540,0.0,0.5,0.2,0.0,1.8,5.3,40.5,6.44,0.0,0,0,0,0,29.3,4.0,0.0,0.0,0.0,0.0,1.5,1.0,"Orlando City, ",0.5,0.0,1.0,0.5,0.253521127,0.87987988,0.666666667,0.012,0.012,0.012,0.61,0.988,0.012,0.402,0.11,0.037000000000000005,0.963,0.073,0.012,0.012,0.012,0.37799999999999995,0.012,0.012,0.012,0.244,0.134,0.012,0.073,0.89,0.988,0.22,0.524,0.012,0.012,0.012,0.268,0.244,0.012,0.585,0.098,0.024,0.183,0.207,22,1.22,0.29
60,Graham Smith ,8,0.1,0,0.1,0,0.0,0.0,0,0.1,3.8,0.0,0.0,0.0,0.0,2.1,4.7,2.6,0.7,0.5,0,0.0,0.1,0.1,0.7,0.0,0.3,0.3,691,0.0,1.7,0.3,0.0,3.9,1.6,57.8,7.04,0.0,0,0,0,0,49.6,2.7,0.0,0.5,0.1,0.7,1.3,1.2,"Sporting Kansas City, ",0.4,0.0,0.0,0.553191489,0.709090909,0.948374761,0.923076923,0.8540000000000001,1.0,0.012,0.341,0.988,0.012,0.012,0.902,0.6459999999999999,0.8170000000000001,0.537,0.012,0.012,0.9390000000000001,0.073,0.012,0.78,0.012,0.988,0.305,0.012,0.6459999999999999,0.049,0.988,0.9390000000000001,0.11,0.012,0.537,0.6709999999999999,0.402,0.598,0.012,0.012,0.354,0.988,0.988,0.976,23,98.78,0.693
61,Alex Crognale ,9,0.0,0,0.0,0,0.0,0.0,0,0.4,3.1,0.2,0.1,0.1,0.0,1.2,3.0,1.8,1.1,0.8,0,0.0,0.0,0.0,0.8,0.0,0.1,0.1,810,0.0,1.0,0.1,0.1,4.8,3.7,39.0,6.37,0.0,0,0,0,0,27.0,3.6,0.0,0.0,0.3,0.3,1.4,1.0,"Columbus Crew, ",0.2,0.6,0.0,0.6,0.564705882,0.882352941,0.7142857140000001,0.012,0.012,0.012,0.146,0.46299999999999997,0.5489999999999999,0.012,0.256,0.317,0.341,0.805,0.012,0.012,0.012,0.134,0.012,0.183,0.012,0.7559999999999999,0.073,0.39,0.841,0.537,0.988,0.134,0.366,0.012,0.9390000000000001,0.195,0.268,0.927,1.0,0.012,0.5,0.7559999999999999,0.23199999999999998,0.415,25,17.073,0.44
62,Walker Zimmerman ,21,0.0,0,0.0,0,0.0,0.0,0,0.6,3.8,0.1,0.1,0.4,0.2,2.1,6.1,4.0,1.2,0.5,0,0.0,0.0,0.0,1.5,0.0,0.2,0.2,1844,0.0,0.4,0.2,0.1,2.2,3.6,53.7,6.94,0.0,0,0,0,0,43.0,4.8,0.0,0.8,0.1,0.9,2.4,1.8,"Los Angeles FC, ",0.4,0.2,0.5,0.655737705,0.379310345,0.89958159,0.75,0.012,0.012,0.012,0.341,0.768,0.5489999999999999,0.402,0.902,0.927,0.207,0.537,0.012,0.012,0.012,0.622,0.012,0.46299999999999997,0.012,0.11,0.134,0.39,0.146,0.5,0.988,0.695,0.805,0.012,0.537,0.89,0.7440000000000001,0.598,0.5,0.207,0.768,0.146,0.42700000000000005,0.561,26,39.024,0.49
63,Aaron Long ,18,0.0,0,0.0,0,0.0,0.0,0,0.2,5.3,0.2,0.1,0.1,0.1,2.6,7.5,4.9,0.7,1.0,0,0.0,0.1,0.1,1.4,0.0,0.2,0.2,1569,0.0,0.7,0.6,0.1,2.6,6.5,38.8,6.73,0.0,0,0,0,0,22.0,7.6,0.0,0.6,0.1,0.7,0.9,0.7,"New York Red Bulls, ",0.4,0.1,1.0,0.653333333,0.28571428600000004,0.743243243,0.7777777779999999,0.012,0.012,0.012,0.902,0.46299999999999997,0.5489999999999999,0.195,0.976,0.988,0.8170000000000001,0.902,0.012,0.012,0.9390000000000001,0.537,0.012,0.46299999999999997,0.012,0.46299999999999997,0.7070000000000001,0.39,0.256,0.976,0.988,0.049,1.0,0.012,0.537,0.6709999999999999,0.085,0.598,0.134,0.585,0.7440000000000001,0.037000000000000005,0.012,0.6709999999999999,26,25.61,0.459
64,Nick Hagglund ,16,0.0,0,0.0,0,0.0,0.0,0,0.4,5.0,0.3,0.2,0.7,0.5,1.9,5.9,4.1,0.8,0.2,0,0.0,0.0,0.0,1.4,0.0,0.2,0.2,1440,0.1,1.3,0.4,0.2,5.6,5.5,49.3,6.65,0.0,0,0,0,0,33.3,4.9,0.0,0.4,0.2,0.6,1.6,1.1,"FC Cincinnati, ",0.3,0.1,0.7142857140000001,0.6949152540000001,0.504504505,0.871727749,0.6875,0.012,0.012,0.012,0.841,0.195,0.915,0.878,0.866,0.951,0.6709999999999999,0.073,0.012,0.012,0.012,0.537,0.012,0.46299999999999997,0.78,0.9390000000000001,0.512,0.768,0.927,0.927,0.988,0.37799999999999995,0.8290000000000001,0.012,0.8290000000000001,0.573,0.366,0.8540000000000001,0.134,0.37799999999999995,0.8540000000000001,0.47600000000000003,0.134,0.305,26,81.707,0.578
65,Shane O'Neill ,8,0.0,0,0.0,0,0.0,0.0,0,0.5,4.6,0.3,0.4,0.7,0.3,0.9,4.5,3.6,0.7,0.1,0,0.0,0.0,0.0,1.1,0.0,0.5,0.5,678,0.0,0.9,0.7,0.4,2.8,6.4,40.2,6.64,0.0,0,0,0,0,24.2,6.9,0.0,0.4,0.0,0.4,2.4,1.9,"Orlando City, ",0.5,0.3,0.428571429,0.8,0.304347826,0.778135048,0.791666667,0.012,0.012,0.012,0.768,0.195,0.988,0.61,0.049,0.915,0.8170000000000001,0.037000000000000005,0.012,0.012,0.012,0.293,0.012,0.976,0.012,0.6829999999999999,0.866,0.976,0.32899999999999996,0.951,0.988,0.061,0.988,0.012,0.012,0.341,0.768,0.244,0.768,0.195,0.988,0.061,0.037000000000000005,0.7440000000000001,26,43.902,0.5
66,Tim Parker ,22,0.0,0,0.0,0,0.0,0.0,0,0.3,3.7,0.2,0.0,0.1,0.1,1.3,3.6,2.3,0.8,0.5,0,0.0,0.0,0.0,0.8,0.1,0.1,0.2,1881,0.0,0.5,0.3,0.0,2.5,4.9,37.8,6.51,0.0,0,0,0,0,25.6,4.7,0.0,0.6,0.1,0.7,1.5,1.2,"New York Red Bulls, ",0.6,0.2,1.0,0.638888889,0.33783783799999995,0.8448844879999999,0.8,0.012,0.012,0.012,0.317,0.46299999999999997,0.012,0.195,0.37799999999999995,0.573,0.6709999999999999,0.537,0.012,0.012,0.012,0.134,0.7440000000000001,0.183,0.012,0.244,0.305,0.012,0.22,0.8290000000000001,0.988,0.085,0.7440000000000001,0.012,0.537,0.6709999999999999,0.402,0.098,0.5,0.585,0.6709999999999999,0.085,0.061,0.7559999999999999,26,4.878,0.341
67,Steven Birnbaum ,30,0.0,0,0.0,0,0.0,0.0,0,0.1,5.3,0.1,0.0,0.1,0.0,2.2,7.4,5.2,1.1,0.3,0,0.0,0.0,0.0,1.2,0.0,0.1,0.2,2672,0.2,1.0,0.2,0.0,2.1,3.0,42.5,6.94,0.0,0,0,0,0,32.0,5.4,0.0,0.6,0.1,0.7,0.7,0.6,"DC United, ",0.3,0.2,0.0,0.7027027029999999,0.41176470600000004,0.855614973,0.857142857,0.012,0.012,0.012,0.902,0.768,0.012,0.012,0.9390000000000001,1.0,0.341,0.171,0.012,0.012,0.012,0.37799999999999995,0.012,0.183,0.963,0.7559999999999999,0.134,0.012,0.11,0.354,0.988,0.32899999999999996,0.9390000000000001,0.012,0.537,0.6709999999999999,0.061,0.8540000000000001,0.5,0.012,0.89,0.195,0.085,0.902,28,37.805,0.486
68,Daniel Steres ,23,0.0,0,0.0,0,0.0,0.0,0,0.3,3.9,0.0,0.0,0.3,0.3,1.6,4.5,2.9,0.7,0.4,0,0.0,0.1,0.1,1.7,0.0,0.2,0.2,1985,0.0,1.0,0.2,0.1,4.0,3.2,45.3,6.85,0.0,0,0,0,0,34.1,4.0,0.0,0.4,0.3,0.7,1.1,0.8,"LA Galaxy, ",0.3,0.1,1.0,0.644444444,0.5555555560000001,0.895013123,0.727272727,0.012,0.012,0.012,0.39,0.988,0.012,0.61,0.598,0.768,0.8170000000000001,0.39,0.012,0.012,0.9390000000000001,0.7559999999999999,0.012,0.46299999999999997,0.012,0.7559999999999999,0.134,0.39,0.695,0.402,0.988,0.415,0.524,0.012,0.9390000000000001,0.6709999999999999,0.134,0.8540000000000001,0.134,0.585,0.695,0.72,0.366,0.47600000000000003,28,90.244,0.612
69,Brent Kallman ,14,0.1,0,0.0,0,0.1,0.0,0,0.4,4.4,0.1,0.0,0.1,0.1,1.6,4.1,2.5,0.9,0.8,0,0.0,0.0,0.0,1.4,0.0,0.1,0.1,1260,0.1,0.4,0.6,0.1,2.1,1.6,43.6,6.67,0.0,0,0,0,0,35.9,4.1,0.0,0.1,0.0,0.1,1.3,0.9,"Minnesota United, ",0.4,0.1,1.0,0.609756098,0.567567568,0.8975,0.692307692,0.8540000000000001,0.012,0.012,0.7070000000000001,0.768,0.012,0.195,0.598,0.634,0.5489999999999999,0.805,0.012,0.012,0.012,0.537,0.012,0.183,0.78,0.11,0.7070000000000001,0.39,0.11,0.049,0.988,0.488,0.573,0.012,0.012,0.085,0.22,0.598,0.134,0.585,0.524,0.78,0.39,0.32899999999999996,28,34.146,0.482
70,Ike Opara ,23,0.0,0,0.0,0,0.0,0.0,0,0.5,5.6,0.1,0.1,0.4,0.3,1.6,4.4,2.9,0.7,0.2,0,0.0,0.1,0.1,1.7,0.0,0.2,0.3,2064,0.0,0.9,0.6,0.0,2.1,2.6,37.4,7.13,0.0,0,0,0,0,28.3,4.4,0.0,0.6,0.2,0.9,2.1,1.6,"Minnesota United, ",0.4,0.1,0.75,0.659090909,0.446808511,0.865443425,0.761904762,0.012,0.012,0.012,0.951,0.768,0.5489999999999999,0.61,0.598,0.768,0.8170000000000001,0.073,0.012,0.012,0.9390000000000001,0.7559999999999999,0.012,0.46299999999999997,0.012,0.6829999999999999,0.7070000000000001,0.012,0.11,0.256,0.988,0.171,0.6459999999999999,0.012,0.8290000000000001,0.89,0.7070000000000001,0.598,0.134,0.39,0.7929999999999999,0.28,0.122,0.634,30,75.61,0.565
71,Omar González ,8,0.1,0,0.0,0,0.1,0.0,0,0.4,4.0,0.0,0.0,0.1,0.1,0.8,4.3,3.5,0.4,0.3,0,0.0,0.0,0.0,0.8,0.0,0.3,0.3,720,0.1,1.0,0.1,0.3,4.1,4.6,57.1,6.81,0.0,0,0,0,0,43.9,4.5,0.0,0.9,0.0,0.9,0.8,0.4,"Toronto FC, ",0.3,0.0,1.0,0.813953488,0.471264368,0.9070247929999999,0.5,0.8540000000000001,0.012,0.012,0.5,0.988,0.012,0.195,0.024,0.89,0.951,0.171,0.012,0.012,0.012,0.134,0.012,0.78,0.78,0.7559999999999999,0.073,0.902,0.7070000000000001,0.768,0.988,0.732,0.6829999999999999,0.012,0.012,0.89,0.037000000000000005,0.8540000000000001,0.012,0.585,1.0,0.402,0.561,0.024,30,82.927,0.579
72,Jalil Anibaba ,16,0.0,0,0.0,0,0.0,0.0,0,0.4,3.9,0.0,0.1,0.2,0.1,1.3,3.7,2.4,0.6,0.5,0,0.1,0.0,0.1,1.9,0.0,0.0,0.0,1439,0.0,1.0,0.8,0.1,3.8,6.4,33.0,6.73,0.1,0,0,0,0,18.8,4.0,0.1,0.3,0.0,0.3,1.8,1.3,"New England Revolution, ",0.4,0.1,0.5,0.648648649,0.37254902,0.8245614040000001,0.7222222220000001,0.012,0.012,0.012,0.39,0.988,0.5489999999999999,0.195,0.37799999999999995,0.598,0.8540000000000001,0.537,0.012,0.8540000000000001,0.012,0.841,0.012,0.012,0.012,0.7559999999999999,0.951,0.39,0.61,0.951,0.061,0.024,0.524,0.732,0.012,0.195,0.488,0.598,0.134,0.207,0.72,0.134,0.049,0.451,30,80.488,0.576
73,Chad Marshall ,8,0.0,0,0.0,0,0.0,0.0,0,0.3,3.6,0.0,0.0,0.0,0.0,1.6,4.6,3.0,0.8,0.3,0,0.0,0.0,0.0,1.0,0.0,0.3,0.3,720,0.0,1.0,0.0,0.0,2.9,1.3,45.4,6.89,0.0,0,0,0,0,38.5,2.8,0.0,0.8,0.1,0.9,1.0,0.8,"Seattle Sounders FC, ",0.3,0.0,0.0,0.6521739129999999,0.69047619,0.93220339,0.8,0.012,0.012,0.012,0.244,0.988,0.012,0.012,0.598,0.8290000000000001,0.6709999999999999,0.171,0.012,0.012,0.012,0.23199999999999998,0.012,0.78,0.012,0.7559999999999999,0.012,0.012,0.341,0.024,0.988,0.598,0.146,0.012,0.537,0.89,0.134,0.8540000000000001,0.012,0.012,0.732,0.976,0.8540000000000001,0.768,35,95.122,0.625
74,Drew Moor ,11,0.0,0,0.0,0,0.0,0.0,0,0.5,1.5,0.1,0.1,0.2,0.1,1.5,3.1,1.6,0.7,0.4,0,0.0,0.0,0.0,0.6,0.0,0.1,0.1,990,0.1,0.6,0.0,0.1,3.3,1.5,57.9,6.34,0.0,0,0,0,0,49.5,3.6,0.0,0.1,0.0,0.1,2.1,1.5,"Toronto FC, ",0.4,0.2,0.5,0.516129032,0.6875,0.93220339,0.7142857140000001,0.012,0.012,0.012,0.012,0.768,0.5489999999999999,0.195,0.537,0.22,0.8170000000000001,0.39,0.012,0.012,0.012,0.061,0.012,0.183,0.78,0.354,0.012,0.39,0.488,0.037000000000000005,0.988,0.927,0.366,0.012,0.012,0.085,0.634,0.598,0.5,0.207,0.183,0.963,0.841,0.415,35,56.098,0.52
75,James Sands ,13,0.0,0,0.0,0,0.0,0.0,0,0.2,4.2,0.3,0.0,0.4,0.4,1.0,2.9,1.8,1.1,0.7,0,0.0,0.0,0.0,1.6,0.0,0.2,0.2,1032,0.1,0.6,0.7,0.1,2.9,2.4,52.8,6.68,0.0,0,0,0,0,42.9,4.7,0.0,0.0,0.0,0.0,1.7,1.5,"New York City FC, ",0.7,0.2,1.0,0.620689655,0.5471698110000001,0.901260504,0.882352941,0.012,0.012,0.012,0.61,0.195,0.012,0.7929999999999999,0.11,0.317,0.341,0.7440000000000001,0.012,0.012,0.012,0.7070000000000001,0.012,0.46299999999999997,0.78,0.354,0.866,0.39,0.341,0.171,0.988,0.6829999999999999,0.7440000000000001,0.012,0.012,0.012,0.634,0.073,0.5,0.585,0.561,0.695,0.451,0.9390000000000001,19,51.22,0.511
76,Auston Trusty ,22,0.0,0,0.0,0,0.0,0.0,0,0.5,4.0,0.3,0.1,0.5,0.4,2.6,5.4,2.9,1.4,0.6,0,0.0,0.0,0.0,1.3,0.1,0.1,0.2,1966,0.0,1.1,0.4,0.1,3.1,5.4,48.6,6.86,0.0,0,0,0,0,35.8,4.3,0.1,0.2,0.2,0.5,3.3,2.8,"Philadelphia Union, ",1.0,0.1,0.8,0.537037037,0.36470588200000004,0.89276808,0.848484848,0.012,0.012,0.012,0.5,0.195,0.5489999999999999,0.7929999999999999,0.976,0.768,0.122,0.695,0.012,0.012,0.012,0.488,0.7440000000000001,0.183,0.012,0.878,0.512,0.39,0.439,0.915,0.988,0.47600000000000003,0.622,0.732,0.8290000000000001,0.451,0.976,0.0,0.134,0.47600000000000003,0.268,0.122,0.354,0.89,21,26.829,0.463
77,Andrew Farrell ,18,0.0,0,0.0,0,0.0,0.0,0,1.2,4.6,0.2,0.1,0.3,0.2,0.6,1.3,0.7,0.7,0.9,0,0.0,0.0,0.0,0.0,0.0,0.0,0.0,1613,0.0,0.4,0.6,0.1,2.7,4.9,38.9,6.43,0.0,0,0,0,0,27.6,3.7,0.0,0.0,0.0,0.0,2.3,1.2,"New England Revolution, ",0.4,0.3,0.666666667,0.538461538,0.35526315799999997,0.8817891370000001,0.52173913,0.012,0.012,0.012,0.768,0.46299999999999997,0.5489999999999999,0.402,0.012,0.012,0.8170000000000001,0.866,0.012,0.012,0.012,0.012,0.012,0.012,0.012,0.11,0.7070000000000001,0.39,0.305,0.8290000000000001,0.988,0.146,0.42700000000000005,0.012,0.012,0.012,0.402,0.598,0.768,0.293,0.28,0.098,0.22,0.049,27,3.659,0.301
78,Eriq Zavaleta ,11,0.0,0,0.0,0,0.0,0.0,0,0.6,3.3,0.1,0.1,0.1,0.0,1.8,3.7,1.9,1.0,0.1,0,0.0,0.0,0.0,0.0,0.1,0.1,0.2,912,0.0,0.4,0.3,0.0,2.6,2.2,54.5,6.39,0.0,0,0,0,0,47.2,2.6,0.0,0.5,0.0,0.5,2.6,2.0,"Toronto FC, ",0.3,0.1,0.0,0.513513514,0.541666667,0.947791165,0.7692307690000001,0.012,0.012,0.012,0.171,0.768,0.5489999999999999,0.012,0.8540000000000001,0.354,0.402,0.037000000000000005,0.012,0.012,0.012,0.012,0.7440000000000001,0.183,0.012,0.11,0.305,0.012,0.256,0.134,0.988,0.841,0.085,0.012,0.012,0.451,0.841,0.8540000000000001,0.134,0.012,0.159,0.6709999999999999,0.976,0.659,27,54.878,0.515
79,Matt Hedges ,28,0.0,0,0.0,0,0.0,0.0,0,0.5,4.0,0.2,0.1,0.5,0.4,1.3,3.4,2.1,0.4,0.3,0,0.0,0.0,0.0,1.5,0.0,0.3,0.3,2435,0.0,0.9,0.3,0.0,4.3,3.3,61.7,6.76,0.0,0,0,0,0,50.2,4.0,0.0,0.3,0.0,0.3,1.8,1.3,"FC Dallas, ",0.4,0.2,0.8,0.6176470589999999,0.565789474,0.926199262,0.7222222220000001,0.012,0.012,0.012,0.5,0.46299999999999997,0.5489999999999999,0.7929999999999999,0.37799999999999995,0.47600000000000003,0.951,0.171,0.012,0.012,0.012,0.622,0.012,0.78,0.012,0.6829999999999999,0.305,0.012,0.7559999999999999,0.451,0.988,0.951,0.524,0.012,0.012,0.195,0.488,0.598,0.5,0.47600000000000003,0.537,0.768,0.768,0.451,29,97.561,0.63
80,Josh Williams ,10,0.0,0,0.0,0,0.0,0.0,0,0.1,3.6,0.0,0.1,0.1,0.0,1.7,3.5,1.7,1.2,0.5,0,0.2,0.0,0.2,0.7,0.0,0.1,0.1,829,0.2,0.3,0.3,0.0,2.9,2.5,48.1,6.69,0.0,0,0,0,0,39.8,2.8,0.0,0.3,0.0,0.3,1.3,1.2,"Columbus Crew, ",0.4,0.2,0.0,0.485714286,0.537037037,0.9342722999999999,0.923076923,0.012,0.012,0.012,0.244,0.988,0.5489999999999999,0.012,0.768,0.256,0.207,0.537,0.012,0.951,0.012,0.073,0.012,0.183,0.963,0.037000000000000005,0.305,0.012,0.341,0.195,0.988,0.622,0.146,0.012,0.012,0.195,0.402,0.598,0.5,0.012,0.073,0.6459999999999999,0.878,0.976,31,24.39,0.457
81,Matt Besler ,21,0.0,0,0.0,0,0.0,0.0,0,0.5,3.6,0.1,0.0,0.2,0.2,1.1,4.0,2.9,0.5,0.4,0,0.0,0.0,0.0,1.5,0.2,0.2,0.3,1775,0.0,0.6,0.3,0.0,4.5,5.2,71.3,6.68,0.0,0,0,0,0,56.7,4.9,0.0,0.1,0.0,0.1,1.3,0.8,"Sporting Kansas City, ",0.4,0.1,1.0,0.725,0.463917526,0.920454545,0.615384615,0.012,0.012,0.012,0.244,0.768,0.012,0.402,0.195,0.768,0.878,0.39,0.012,0.012,0.012,0.622,0.963,0.46299999999999997,0.012,0.354,0.305,0.012,0.8170000000000001,0.866,0.988,0.988,0.8290000000000001,0.012,0.012,0.085,0.134,0.598,0.134,0.585,0.927,0.366,0.695,0.073,32,85.366,0.592
